<publishData>
  <publishTarget publishUrl="C:\inetpub\wwwroot\MyWebSite\VemexService\">
    <file relUrl="Web.config" publishTime="11/20/2013 12:47:01" />
    <file relUrl="bin/ImportDataService.pdb" publishTime="11/20/2013 18:09:38" />
    <file relUrl="bin/ImportDataService.dll.config" publishTime="11/20/2013 12:47:01" />
    <file relUrl="bin/Microsoft.Xrm.Sdk.dll" publishTime="09/25/2012 12:55:26" />
    <file relUrl="bin/XmlImportVemex.pdb" publishTime="11/20/2013 18:09:38" />
    <file relUrl="bin/Excel.dll" publishTime="01/17/2013 14:10:29" />
    <file relUrl="bin/ImportDataService.dll" publishTime="11/20/2013 18:09:38" />
    <file relUrl="bin/Log 2013 11 20 17_54_05.txt" publishTime="11/20/2013 17:54:16" />
    <file relUrl="ImportDataService.DataImport.svc" publishTime="11/20/2013 18:09:43" />
    <file relUrl="bin/XmlImportVemex.dll" publishTime="11/20/2013 18:09:38" />
    <file relUrl="bin/Log 2013 11 20 17_51_06.txt" publishTime="11/20/2013 17:53:28" />
    <file relUrl="bin/ICSharpCode.SharpZipLib.dll" publishTime="01/10/2013 13:29:47" />
  </publishTarget>
</publishData>