<?xml version="1.0" encoding="utf-8" ?>

<pages>
  <page name="prihlaseni">
    <title>Vemex portál - Přihlášení</title>
    <description>Přihlášení do portálu.</description>
  </page>
  <page name="plyn">
    <title>Vemex portál - Plyn</title>
    <description>Formulář pro plyn.</description>
  </page>
  <page name="elektrina">
    <title>Vemex portál - Elektřina</title>
    <description>Formulář pro elektřinu.</description>
  </page>
  <page name="obekomodity">
    <title>Vemex portál - Obě komodity</title>
    <description>Formulář pro obě komodit.</description>
  </page>
</pages>
