<ImportExportXml xmlns:xsi="http://www.w3.org/2001/XMLSchema-instance">
  <Entities>
    <Entity>
      <Name LocalizedName="Obchodní vztah" OriginalName="Account">Account</Name>
      <ObjectTypeCode>1</ObjectTypeCode>
      <EntityInfo>
        <entity Name="Account">
          <attributes>
            <attribute PhysicalName="cre_supportend">
              <Type>datetime</Type>
              <Name>cre_supportend</Name>
              <LogicalName>cre_supportend</LogicalName>
              <RequiredLevel>none</RequiredLevel>
              <DisplayMask>ValidForAdvancedFind|ValidForForm|ValidForGrid</DisplayMask>
              <ImeMode>auto</ImeMode>
              <ValidForUpdateApi>1</ValidForUpdateApi>
              <ValidForReadApi>1</ValidForReadApi>
              <ValidForCreateApi>1</ValidForCreateApi>
              <IsCustomField>1</IsCustomField>
              <IsAuditEnabled>1</IsAuditEnabled>
              <IsSecured>0</IsSecured>
              <IsCustomizable>1</IsCustomizable>
              <IsRenameable>1</IsRenameable>
              <CanModifySearchSettings>1</CanModifySearchSettings>
              <CanModifyRequirementLevelSettings>1</CanModifyRequirementLevelSettings>
              <CanModifyAdditionalSettings>1</CanModifyAdditionalSettings>
              <Format>date</Format>
              <displaynames>
                <displayname description="Datum ukončení" languagecode="1029" />
              </displaynames>
            </attribute>
            <attribute PhysicalName="cre_supportid">
              <Type>nvarchar</Type>
              <Name>cre_supportid</Name>
              <LogicalName>cre_supportid</LogicalName>
              <RequiredLevel>none</RequiredLevel>
              <DisplayMask>ValidForAdvancedFind|ValidForForm|ValidForGrid</DisplayMask>
              <ImeMode>auto</ImeMode>
              <ValidForUpdateApi>1</ValidForUpdateApi>
              <ValidForReadApi>1</ValidForReadApi>
              <ValidForCreateApi>1</ValidForCreateApi>
              <IsCustomField>1</IsCustomField>
              <IsAuditEnabled>1</IsAuditEnabled>
              <IsSecured>0</IsSecured>
              <IsCustomizable>1</IsCustomizable>
              <IsRenameable>1</IsRenameable>
              <CanModifySearchSettings>1</CanModifySearchSettings>
              <CanModifyRequirementLevelSettings>1</CanModifyRequirementLevelSettings>
              <CanModifyAdditionalSettings>1</CanModifyAdditionalSettings>
              <Format>text</Format>
              <MaxLength>100</MaxLength>
              <Length>200</Length>
              <displaynames>
                <displayname description="Servisní ID" languagecode="1029" />
              </displaynames>
            </attribute>
          </attributes>
          <IsDuplicateCheckSupported>1</IsDuplicateCheckSupported>
          <IsRequiredOffline>0</IsRequiredOffline>
          <IsCollaboration>0</IsCollaboration>
          <AutoRouteToOwnerQueue>0</AutoRouteToOwnerQueue>
          <IsConnectionsEnabled>1</IsConnectionsEnabled>
          <IsDocumentManagementEnabled>1</IsDocumentManagementEnabled>
          <OwnershipTypeMask>UserOwned</OwnershipTypeMask>
          <EntityMask>ActivityPointer</EntityMask>
          <IsAuditEnabled>0</IsAuditEnabled>
          <IsActivity>0</IsActivity>
          <ActivityTypeMask>CommunicationActivity</ActivityTypeMask>
          <IsActivityParty>1</IsActivityParty>
          <IsReplicated>1</IsReplicated>
          <IsReplicationUserFiltered>1</IsReplicationUserFiltered>
          <IsMailMergeEnabled>1</IsMailMergeEnabled>
          <IsVisibleInMobile>1</IsVisibleInMobile>
          <IsMapiGridEnabled>1</IsMapiGridEnabled>
          <IsReadingPaneEnabled>1</IsReadingPaneEnabled>
          <HasRelatedNotes>True</HasRelatedNotes>
          <HasRelatedActivities>True</HasRelatedActivities>
        </entity>
      </EntityInfo>
      <FormXml>
        <forms type="main">
          <systemform>
            <formid>{b053a39a-041a-4356-acef-ddf00182762b}</formid>
            <form>
              <tabs>
                <tab name="general" verticallayout="true" id="{13b0fbf2-e596-4dc5-919b-7a0aea72598b}" IsUserDefined="0" ordinalvalue="0">
                  <columns>
                    <column width="100%" id="0">
                      <sections>
                        <section name="account information" showlabel="false" showbar="false" id="{407c4e29-b766-4efb-986c-f4c1d9be75ce}" IsUserDefined="0" ordinalvalue="0">
                          <rows>
                            <row>
                              <cell id="{01289424-a3c2-4c71-815b-cb5f2bfaf9ce}" showlabel="false" ordinalvalue="20009" solutionaction="Modified" />
                            </row>
                          </rows>
                        </section>
                        <section name="shipping information" showlabel="false" showbar="true" id="{73762e52-a191-4917-a386-7cd5960c6329}" IsUserDefined="0" ordinalvalue="3" solutionaction="Modified" />
                        <section name="description" showlabel="true" showbar="true" id="{371fc62b-6e62-4cad-9f70-76da338b39a3}" IsUserDefined="0" height="auto" ordinalvalue="4" solutionaction="Modified">
                          <rows />
                        </section>
                        <section name="general_section_5" showlabel="true" showbar="true" locklevel="0" id="{84c3c2e0-9a3d-9b14-828c-28d306d4b736}" IsUserDefined="0" layout="varwidth" columns="11" labelwidth="115" celllabelalignment="Left" celllabelposition="Left" ordinalvalue="2" solutionaction="Added">
                          <labels>
                            <label description="Podpora" languagecode="1029" />
                          </labels>
                          <rows>
                            <row>
                              <cell id="{d449d205-dd0a-8683-ce8d-2ae0031cd491}" showlabel="true" locklevel="0" ordinalvalue="10000">
                                <labels>
                                  <label description="" languagecode="1029" />
                                </labels>
                                <control id="cre_supportid" classid="{4273EDBD-AC1D-40d3-9FB2-095C621B552D}" datafieldname="cre_supportid" disabled="false" />
                              </cell>
                              <cell id="{13488d4a-6ece-9014-cb2d-8e72bd4c4924}" showlabel="true" locklevel="0" ordinalvalue="20001">
                                <labels>
                                  <label description="" languagecode="1029" />
                                </labels>
                                <control id="cre_supportend" classid="{5B773807-9FB2-42db-97C3-7A91EFF8ADFF}" datafieldname="cre_supportend" disabled="false" />
                              </cell>
                            </row>
                          </rows>
                        </section>
                      </sections>
                    </column>
                  </columns>
                </tab>
                <tab name="details" id="{e8642bdb-3b0b-4ce4-bcca-646d04e856cb}" IsUserDefined="0" ordinalvalue="1">
                  <columns>
                    <column width="100%" id="0">
                      <sections>
                        <section name="professional information" showlabel="true" showbar="true" id="{2bb37cd5-2d02-47cc-8464-27e5aa1c400d}" IsUserDefined="0" ordinalvalue="0">
                          <rows>
                            <row>
                              <cell id="{02f048e0-e417-409e-8e3f-c9a5197f6035}" showlabel="false" ordinalvalue="20006" solutionaction="Modified" />
                            </row>
                          </rows>
                        </section>
                        <section name="description" showlabel="false" showbar="true" id="{22c54202-b263-46e5-9676-47112c3be47d}" IsUserDefined="0" ordinalvalue="1">
                          <rows>
                            <row>
                              <cell id="{29760e45-5a38-4b2a-b8d0-fd99fb62f6d1}" showlabel="false" ordinalvalue="20003" solutionaction="Modified" />
                            </row>
                          </rows>
                        </section>
                        <section name="billing information" showlabel="true" showbar="true" id="{0243b19c-f88a-410c-9d90-0862142c56e2}" IsUserDefined="0" ordinalvalue="2">
                          <rows>
                            <row>
                              <cell id="{811dc54d-f71e-4364-93f4-71e00074d317}" showlabel="false" ordinalvalue="20005" solutionaction="Modified" />
                            </row>
                          </rows>
                        </section>
                      </sections>
                    </column>
                  </columns>
                </tab>
                <tab name="contacts" id="{52c46fc3-c588-42d2-b24a-764536e3ce79}" IsUserDefined="0" ordinalvalue="2">
                  <columns>
                    <column width="100%" id="0">
                      <sections>
                        <section name="contacts" showlabel="false" showbar="false" id="{9cbcf314-a025-4970-b565-cda49c7915fb}" IsUserDefined="0" ordinalvalue="0">
                          <rows />
                        </section>
                      </sections>
                    </column>
                  </columns>
                </tab>
                <tab name="notes and activities" id="{61710424-A7C1-4db5-9489-788BCDCF267A}" IsUserDefined="0" expanded="false" ordinalvalue="3">
                  <columns>
                    <column width="100%" id="0">
                      <sections>
                        <section name="activities" showlabel="true" showbar="true" id="{690cd22e-026f-4e6a-8e93-74e5c27b4973}" IsUserDefined="0" height="auto" ordinalvalue="0">
                          <rows />
                        </section>
                        <section name="notes" showlabel="true" showbar="true" id="{2D4972DE-69D5-4518-B3F7-A9683B62E2C0}" IsUserDefined="0" height="auto" ordinalvalue="1">
                          <rows />
                        </section>
                      </sections>
                    </column>
                  </columns>
                </tab>
                <tab name="administration" id="{5b8906be-c80f-4c26-8ba2-b07f45cb2936}" IsUserDefined="0" ordinalvalue="4">
                  <columns>
                    <column width="100%" id="0">
                      <sections>
                        <section name="internal information" showlabel="false" showbar="false" id="{e40e4201-ddc0-4384-bb7a-44dd8be88ec6}" IsUserDefined="0" ordinalvalue="0">
                          <rows>
                            <row>
                              <cell id="{4e4fe577-cb53-47ba-a2de-2742f5611843}" showlabel="false" ordinalvalue="20001" solutionaction="Modified" />
                            </row>
                          </rows>
                        </section>
                        <section name="contact methods" showlabel="true" showbar="true" id="{842b89e4-8f3a-46b3-9d23-291eb8685ce9}" IsUserDefined="0" ordinalvalue="1">
                          <rows>
                            <row>
                              <cell id="{4c7e3528-1a05-47d8-99c4-383e8ae36f62}" showlabel="false" ordinalvalue="20001" solutionaction="Modified" />
                            </row>
                            <row>
                              <cell id="{7efb5294-1d1c-4f78-9918-03dd80563cfb}" showlabel="false" ordinalvalue="20007" solutionaction="Modified" />
                            </row>
                          </rows>
                        </section>
                        <section name="marketing information" showlabel="true" showbar="true" locklevel="0" id="{7f86a255-fe14-4b3a-89ba-e1265712c006}" IsUserDefined="0" layout="varheight" columns="11" ordinalvalue="2">
                          <rows>
                            <row>
                              <cell id="{e8eb9a12-1e10-492b-bc93-384f7c166ec5}" showlabel="false" ordinalvalue="20003" solutionaction="Modified" />
                            </row>
                          </rows>
                        </section>
                        <section name="service preferences" showlabel="true" showbar="true" id="{DFF21ED1-106A-46FA-9C23-739C909FC16C}" IsUserDefined="0" ordinalvalue="3">
                          <rows>
                            <row>
                              <cell id="{2007a51d-f1c5-4750-989c-4dda02c448d6}" showlabel="false" ordinalvalue="20005" solutionaction="Modified" />
                            </row>
                          </rows>
                        </section>
                      </sections>
                    </column>
                  </columns>
                </tab>
              </tabs>
              <header id="{2b89aa75-b991-4875-88b0-d7ed40d2aaf3}" celllabelposition="Top">
                <rows>
                  <row>
                    <cell id="{bbdd44c3-d521-352e-db99-e0507da47822}" showlabel="false" ordinalvalue="30005" solutionaction="Modified" />
                  </row>
                </rows>
              </header>
              <Navigation>
                <NavBar>
                  <NavBarByRelationshipItem RelationshipName="Account_CustomerAddress" Id="navAddresses" TitleResourceId="Tab_Label_MoreAddresses" Sequence="10" Area="Info" solutionaction="Modified">
                    <Titles solutionaction="Added">
                      <Title LCID="1029" Text="Další adresy" />
                    </Titles>
                  </NavBarByRelationshipItem>
                  <NavBarByRelationshipItem RelationshipName="account_parent_account" Id="navSubAct" Icon="/_imgs/area/18_subAccounts.gif" TitleResourceId="Label_SubAccounts" Sequence="40" Area="Info" solutionaction="Modified">
                    <Titles solutionaction="Added">
                      <Title LCID="1029" Text="Dílčí obchodní vztahy" />
                    </Titles>
                  </NavBarByRelationshipItem>
                  <NavBarByRelationshipItem RelationshipName="Account_ActivityPointers" Id="navActivities" Icon="/_imgs/ico_18_act.gif" Sequence="20" Area="Info" solutionaction="Modified">
                    <Titles solutionaction="Added">
                      <Title LCID="1029" Text="Aktivity" />
                    </Titles>
                  </NavBarByRelationshipItem>
                  <NavBarByRelationshipItem RelationshipName="Account_ActivityPointers" Id="navActivityHistory" TitleResourceId="Tab_Label_History" Icon="/_imgs/ico_18_history.gif" ViewId="21E2B905-6FDB-470d-8517-AD69B4C01268" Sequence="20" Area="Info" solutionaction="Modified">
                    <Titles solutionaction="Added">
                      <Title LCID="1029" Text="Uzavřené aktivity" />
                    </Titles>
                  </NavBarByRelationshipItem>
                  <NavBarByRelationshipItem RelationshipName="account_customer_relationship_customer" Id="navRelationships" TitleResourceId="Left_Nav_Area_Relationships" Sequence="60" Area="Info" solutionaction="Modified">
                    <Titles solutionaction="Added">
                      <Title LCID="1029" Text="Vztahy" />
                    </Titles>
                  </NavBarByRelationshipItem>
                </NavBar>
                <NavBarAreas solutionaction="Added">
                  <NavBarArea Id="Info">
                    <Titles>
                      <Title LCID="1029" Text="Všeobecné" />
                    </Titles>
                  </NavBarArea>
                  <NavBarArea Id="Sales">
                    <Titles>
                      <Title LCID="1029" Text="Prodej" />
                    </Titles>
                  </NavBarArea>
                  <NavBarArea Id="Service">
                    <Titles>
                      <Title LCID="1029" Text="Služby" />
                    </Titles>
                  </NavBarArea>
                  <NavBarArea Id="Marketing">
                    <Titles>
                      <Title LCID="1029" Text="Marketing" />
                    </Titles>
                  </NavBarArea>
                  <NavBarArea Id="ProcessCenter">
                    <Titles>
                      <Title LCID="1029" Text="Procesy" />
                    </Titles>
                  </NavBarArea>
                </NavBarAreas>
              </Navigation>
            </form>
            <LocalizedNames>
              <LocalizedName description="Informace" languagecode="1029" />
            </LocalizedNames>
            <Descriptions>
              <Description description="Formulář pro tuto entitu" languagecode="1029" />
            </Descriptions>
          </systemform>
        </forms>
      </FormXml>
      <RibbonDiffXml>
        <CustomActions />
        <Templates>
          <RibbonTemplates Id="Mscrm.Templates"></RibbonTemplates>
        </Templates>
        <CommandDefinitions />
        <RuleDefinitions>
          <TabDisplayRules />
          <DisplayRules />
          <EnableRules />
        </RuleDefinitions>
        <LocLabels />
      </RibbonDiffXml>
    </Entity>
    <Entity>
      <Name LocalizedName="Případ" OriginalName="Case">Incident</Name>
      <ObjectTypeCode>112</ObjectTypeCode>
      <EntityInfo>
        <entity Name="Incident">
          <LocalizedNames>
            <LocalizedName description="Případ" languagecode="1029" />
          </LocalizedNames>
          <LocalizedCollectionNames>
            <LocalizedCollectionName description="Případy" languagecode="1029" />
          </LocalizedCollectionNames>
          <Descriptions>
            <Description description="Případ žádosti o služby přidružený ke smlouvě" languagecode="1029" />
          </Descriptions>
          <attributes>
            <attribute PhysicalName="FollowupBy">
              <Type>datetime</Type>
              <Name>followupby</Name>
              <LogicalName>followupby</LogicalName>
              <RequiredLevel>none</RequiredLevel>
              <DisplayMask>ValidForAdvancedFind|ValidForForm|ValidForGrid</DisplayMask>
              <ImeMode>inactive</ImeMode>
              <ValidForUpdateApi>1</ValidForUpdateApi>
              <ValidForReadApi>1</ValidForReadApi>
              <ValidForCreateApi>1</ValidForCreateApi>
              <IsCustomField>0</IsCustomField>
              <IsAuditEnabled>1</IsAuditEnabled>
              <IsSecured>0</IsSecured>
              <Format>datetime</Format>
              <displaynames>
                <displayname description="Reagovat do" languagecode="1029" />
              </displaynames>
              <Descriptions>
                <Description description="Datum, do kterého by měl zástupce zákaznické podpory na případ reagovat" languagecode="1029" />
              </Descriptions>
            </attribute>
            <attribute PhysicalName="SeverityCode">
              <Type>picklist</Type>
              <Name>severitycode</Name>
              <LogicalName>severitycode</LogicalName>
              <RequiredLevel>none</RequiredLevel>
              <DisplayMask>ValidForAdvancedFind|ValidForForm|ValidForGrid</DisplayMask>
              <ImeMode>auto</ImeMode>
              <ValidForUpdateApi>1</ValidForUpdateApi>
              <ValidForReadApi>1</ValidForReadApi>
              <ValidForCreateApi>1</ValidForCreateApi>
              <IsCustomField>0</IsCustomField>
              <IsAuditEnabled>1</IsAuditEnabled>
              <IsSecured>0</IsSecured>
              <AppDefaultValue>1</AppDefaultValue>
              <optionset Name="incident_severitycode">
                <OptionSetType>picklist</OptionSetType>
                <displaynames>
                  <displayname description="Závažnost" languagecode="1029" />
                </displaynames>
                <Descriptions>
                  <Description description="Naléhavost případu" languagecode="1029" />
                </Descriptions>
                <options>
                  <option value="1">
                    <labels>
                      <label description="Mohu pracovat" languagecode="1029" />
                    </labels>
                  </option>
                  <option value="171140000">
                    <labels>
                      <label description="Mohu pracovat, ale s omezením" languagecode="1029" />
                    </labels>
                  </option>
                  <option value="171140001">
                    <labels>
                      <label description="Nemohu pracovat" languagecode="1029" />
                    </labels>
                  </option>
                </options>
              </optionset>
              <displaynames>
                <displayname description="Závažnost" languagecode="1029" />
              </displaynames>
              <Descriptions>
                <Description description="Naléhavost případu" languagecode="1029" />
              </Descriptions>
            </attribute>
          </attributes>
          <IsDuplicateCheckSupported>1</IsDuplicateCheckSupported>
          <IsRequiredOffline>0</IsRequiredOffline>
          <IsCollaboration>1</IsCollaboration>
          <AutoRouteToOwnerQueue>1</AutoRouteToOwnerQueue>
          <IsConnectionsEnabled>1</IsConnectionsEnabled>
          <IsDocumentManagementEnabled>0</IsDocumentManagementEnabled>
          <OwnershipTypeMask>UserOwned</OwnershipTypeMask>
          <EntityMask>ActivityPointer</EntityMask>
          <IsAuditEnabled>0</IsAuditEnabled>
          <IsActivity>0</IsActivity>
          <ActivityTypeMask>CommunicationActivity</ActivityTypeMask>
          <IsActivityParty>1</IsActivityParty>
          <IsReplicated>1</IsReplicated>
          <IsReplicationUserFiltered>1</IsReplicationUserFiltered>
          <IsMailMergeEnabled>1</IsMailMergeEnabled>
          <IsVisibleInMobile>1</IsVisibleInMobile>
          <IsMapiGridEnabled>1</IsMapiGridEnabled>
          <IsReadingPaneEnabled>1</IsReadingPaneEnabled>
          <HasRelatedNotes>True</HasRelatedNotes>
          <HasRelatedActivities>True</HasRelatedActivities>
        </entity>
      </EntityInfo>
      <FormXml>
        <forms type="main">
          <systemform>
            <formid>{f658c846-f74c-459b-b591-b97558958106}</formid>
            <form enablerelatedinformation="true">
              <tabs>
                <tab name="general" verticallayout="true" id="{06a2992a-9cc9-41a5-8f37-d2b2214fdde1}" IsUserDefined="0" ordinalvalue="0">
                  <columns>
                    <column width="100%" id="0">
                      <sections>
                        <section name="assignment information" showlabel="true" showbar="true" id="{34d53885-5bbb-4711-a9ab-1b55928fd020}" IsUserDefined="0" ordinalvalue="1">
                          <rows>
                            <row>
                              <cell id="{dae3e345-a070-4428-be90-ab0a926ca354}" ordinalvalue="10001" solutionaction="Modified" />
                              <cell id="{4a23dbed-e8cc-4a80-b63c-91e40968a6ec}" ordinalvalue="20002" solutionaction="Modified" />
                            </row>
                            <row>
                              <cell auto="false" showlabel="true" locklevel="0" rowspan="1" colspan="1" id="{4e5d56cd-eb6a-4ec5-9ac2-499a90f87cf5}" ordinalvalue="10003" solutionaction="Modified" />
                              <cell auto="false" showlabel="true" locklevel="0" rowspan="1" colspan="1" id="{4887a827-87a9-47ac-8cff-84aa1336649d}" ordinalvalue="20004" solutionaction="Modified" />
                            </row>
                            <row>
                              <cell id="{0355c60d-ca7e-2663-de70-3a78e663e53e}" showlabel="true" locklevel="0" colspan="2" ordinalvalue="10000" solutionaction="Added">
                                <labels>
                                  <label description="" languagecode="1029" />
                                </labels>
                                <control id="severitycode" classid="{3EF39988-22BB-4f0b-BBBE-64B5A3748AEE}" datafieldname="severitycode" disabled="false" />
                              </cell>
                            </row>
                          </rows>
                        </section>
                        <section name="contract and product information" showlabel="true" showbar="true" id="{af10583d-3e30-4e24-9e5d-d2a84638abe2}" IsUserDefined="0" locklevel="0" ordinalvalue="2">
                          <rows>
                            <row>
                              <cell id="{45b0b358-578d-4b16-bbd3-981350b17338}" showlabel="false" ordinalvalue="20005" solutionaction="Modified" />
                            </row>
                          </rows>
                        </section>
                      </sections>
                    </column>
                  </columns>
                </tab>
                <tab name="notesandkb" id="{ecec23bf-2417-4bdc-a019-0a6aca6c2500}" IsUserDefined="0" expanded="false" ordinalvalue="1">
                  <columns>
                    <column width="100%" id="0">
                      <sections>
                        <section name="notes" showlabel="true" showbar="true" id="{7147a561-6867-49c1-8914-acac76cb6bbf}" IsUserDefined="0" height="auto" ordinalvalue="0">
                          <rows />
                        </section>
                        <section name="kb article" labelwidth="160" showlabel="true" showbar="true" locklevel="1" id="{e7405683-b295-4b3f-8c52-6fdc8b736a9c}" IsUserDefined="0" ordinalvalue="1">
                          <rows />
                        </section>
                      </sections>
                    </column>
                  </columns>
                </tab>
              </tabs>
              <Navigation>
                <NavBar>
                  <NavBarByRelationshipItem RelationshipName="Incident_ActivityPointers" Id="navActivities" Icon="/_imgs/ico_18_act.gif" Sequence="10" Area="Info" solutionaction="Modified">
                    <Titles solutionaction="Added">
                      <Title LCID="1029" Text="Aktivity" />
                    </Titles>
                  </NavBarByRelationshipItem>
                  <NavBarByRelationshipItem RelationshipName="Incident_ActivityPointers" Id="navActivityHistory" TitleResourceId="Tab_Label_History" Icon="/_imgs/ico_18_history.gif" ViewId="21E2B905-6FDB-470d-8517-AD69B4C01268" Sequence="20" Area="Info" solutionaction="Modified">
                    <Titles solutionaction="Added">
                      <Title LCID="1029" Text="Uzavřené aktivity" />
                    </Titles>
                  </NavBarByRelationshipItem>
                </NavBar>
                <NavBarAreas solutionaction="Added">
                  <NavBarArea Id="Info">
                    <Titles>
                      <Title LCID="1029" Text="Všeobecné" />
                    </Titles>
                  </NavBarArea>
                  <NavBarArea Id="Sales">
                    <Titles>
                      <Title LCID="1029" Text="Prodej" />
                    </Titles>
                  </NavBarArea>
                  <NavBarArea Id="Service">
                    <Titles>
                      <Title LCID="1029" Text="Služby" />
                    </Titles>
                  </NavBarArea>
                  <NavBarArea Id="Marketing">
                    <Titles>
                      <Title LCID="1029" Text="Marketing" />
                    </Titles>
                  </NavBarArea>
                  <NavBarArea Id="ProcessCenter">
                    <Titles>
                      <Title LCID="1029" Text="Procesy" />
                    </Titles>
                  </NavBarArea>
                </NavBarAreas>
              </Navigation>
            </form>
            <LocalizedNames>
              <LocalizedName description="Informace" languagecode="1029" />
            </LocalizedNames>
            <Descriptions>
              <Description description="Formulář pro tuto entitu" languagecode="1029" />
            </Descriptions>
          </systemform>
        </forms>
      </FormXml>
      <RibbonDiffXml>
        <CustomActions />
        <Templates>
          <RibbonTemplates Id="Mscrm.Templates"></RibbonTemplates>
        </Templates>
        <CommandDefinitions />
        <RuleDefinitions>
          <TabDisplayRules />
          <DisplayRules />
          <EnableRules />
        </RuleDefinitions>
        <LocLabels />
      </RibbonDiffXml>
    </Entity>
  </Entities>
  <Roles></Roles>
  <Workflows>
    <Workflow WorkflowId="{beedadfc-cf27-4b58-aa76-29e3b22df39c}" Name="Kontrola převzení servisního ticketu">
      <XamlFileName>/Workflows/Kontrolapevzenservisnhoticketu-BEEDADFC-CF27-4B58-AA76-29E3B22DF39C.xaml</XamlFileName>
      <Type>1</Type>
      <Subprocess>0</Subprocess>
      <Category>0</Category>
      <Scope>4</Scope>
      <OnDemand>1</OnDemand>
      <TriggerOnCreate>1</TriggerOnCreate>
      <TriggerOnDelete>0</TriggerOnDelete>
      <AsyncAutodelete>0</AsyncAutodelete>
      <IsCustomizable>1</IsCustomizable>
      <PrimaryEntity>Incident</PrimaryEntity>
    </Workflow>
    <Workflow WorkflowId="{a597cf72-f0b8-4830-852d-91590192bcdc}" Name="Oznámení o přijetí servisního případu">
      <XamlFileName>/Workflows/Oznmenopijetservisnhoppadu-A597CF72-F0B8-4830-852D-91590192BCDC.xaml</XamlFileName>
      <Type>1</Type>
      <Subprocess>0</Subprocess>
      <Category>0</Category>
      <Scope>4</Scope>
      <OnDemand>1</OnDemand>
      <TriggerOnCreate>1</TriggerOnCreate>
      <TriggerOnDelete>0</TriggerOnDelete>
      <AsyncAutodelete>0</AsyncAutodelete>
      <IsCustomizable>1</IsCustomizable>
      <PrimaryEntity>Incident</PrimaryEntity>
    </Workflow>
    <Workflow WorkflowId="{ab6be195-c8b9-412f-a6ad-036391a0377c}" Name="Oznámení o začátku práce na servisním případu">
      <XamlFileName>/Workflows/Oznmenozatkuprcenaservisnmppadu-AB6BE195-C8B9-412F-A6AD-036391A0377C.xaml</XamlFileName>
      <Type>1</Type>
      <Subprocess>0</Subprocess>
      <Category>0</Category>
      <Scope>4</Scope>
      <OnDemand>1</OnDemand>
      <TriggerOnUpdateAttributeList>statuscode</TriggerOnUpdateAttributeList>
      <TriggerOnCreate>0</TriggerOnCreate>
      <TriggerOnDelete>0</TriggerOnDelete>
      <AsyncAutodelete>0</AsyncAutodelete>
      <IsCustomizable>1</IsCustomizable>
      <PrimaryEntity>Incident</PrimaryEntity>
    </Workflow>
    <Workflow WorkflowId="{15053d4f-aaa9-46c5-9996-596d01de8acc}" Name="Přiřazení položky do fronty">
      <XamlFileName>/Workflows/Piazenpolokydofronty-15053D4F-AAA9-46C5-9996-596D01DE8ACC.xaml</XamlFileName>
      <Type>1</Type>
      <Subprocess>0</Subprocess>
      <Category>0</Category>
      <Scope>4</Scope>
      <OnDemand>1</OnDemand>
      <TriggerOnCreate>1</TriggerOnCreate>
      <TriggerOnDelete>0</TriggerOnDelete>
      <AsyncAutodelete>0</AsyncAutodelete>
      <IsCustomizable>1</IsCustomizable>
      <PrimaryEntity>Incident</PrimaryEntity>
    </Workflow>
  </Workflows>
  <FieldSecurityProfiles></FieldSecurityProfiles>
  <Templates />
  <EntityMaps />
  <EntityRelationships>
    <EntityRelationship Name="Account_ActivityPointers">
      <EntityRelationshipType>OneToMany</EntityRelationshipType>
      <ReferencingEntityName>ActivityPointer</ReferencingEntityName>
      <ReferencedEntityName>Account</ReferencedEntityName>
      <ReferencingAttributeName>RegardingObjectId</ReferencingAttributeName>
      <RelationshipDescription>
        <Descriptions>
          <Description description="Jedinečný identifikátor objektu, ke kterému je aktivita přidružena" languagecode="1029" />
        </Descriptions>
      </RelationshipDescription>
      <field name="regardingobjectid" requiredlevel="none" imemode="auto" lookupstyle="single" lookupbrowse="0" format="regarding">
        <IsSecured>0</IsSecured>
        <DisplayMask>ValidForAdvancedFind|ValidForForm|ValidForGrid</DisplayMask>
        <IsAuditEnabled>1</IsAuditEnabled>
        <displaynames>
          <displayname description="Týká se" languagecode="1029" />
        </displaynames>
      </field>
      <EntityRelationshipRoles>
        <EntityRelationshipRole>
          <NavPaneDisplayOption>UseCollectionName</NavPaneDisplayOption>
          <NavPaneArea>Details</NavPaneArea>
          <NavPaneOrder>20</NavPaneOrder>
        </EntityRelationshipRole>
      </EntityRelationshipRoles>
    </EntityRelationship>
    <EntityRelationship Name="Account_Annotation">
      <EntityRelationshipType>OneToMany</EntityRelationshipType>
      <ReferencingEntityName>Annotation</ReferencingEntityName>
      <ReferencedEntityName>Account</ReferencedEntityName>
      <CascadeAssign>Cascade</CascadeAssign>
      <CascadeDelete>Cascade</CascadeDelete>
      <CascadeReparent>Cascade</CascadeReparent>
      <CascadeShare>Cascade</CascadeShare>
      <CascadeUnshare>Cascade</CascadeUnshare>
      <ReferencingAttributeName>ObjectId</ReferencingAttributeName>
      <RelationshipDescription>
        <Descriptions>
          <Description description="Jedinečný identifikátor objektu, ke kterému je poznámka přidružena" languagecode="1029" />
        </Descriptions>
      </RelationshipDescription>
      <field name="objectid" requiredlevel="none" imemode="auto" lookupstyle="single" lookupbrowse="0">
        <IsSecured>0</IsSecured>
        <IsAuditEnabled>1</IsAuditEnabled>
        <displaynames>
          <displayname description="Týká se" languagecode="1029" />
        </displaynames>
      </field>
    </EntityRelationship>
    <EntityRelationship Name="Account_Appointments">
      <EntityRelationshipType>OneToMany</EntityRelationshipType>
      <ReferencingEntityName>Appointment</ReferencingEntityName>
      <ReferencedEntityName>Account</ReferencedEntityName>
      <CascadeAssign>Cascade</CascadeAssign>
      <CascadeDelete>Cascade</CascadeDelete>
      <CascadeReparent>Cascade</CascadeReparent>
      <CascadeShare>Cascade</CascadeShare>
      <CascadeUnshare>Cascade</CascadeUnshare>
      <ReferencingAttributeName>RegardingObjectId</ReferencingAttributeName>
      <RelationshipDescription>
        <Descriptions>
          <Description description="Jedinečný identifikátor objektu, ke kterému je schůzka přidružena" languagecode="1029" />
        </Descriptions>
      </RelationshipDescription>
      <field name="regardingobjectid" requiredlevel="none" imemode="auto" lookupstyle="single" lookupbrowse="0" format="regarding">
        <IsSecured>0</IsSecured>
        <DisplayMask>ValidForAdvancedFind|ValidForForm|ValidForGrid</DisplayMask>
        <IsAuditEnabled>1</IsAuditEnabled>
        <displaynames>
          <displayname description="Týká se" languagecode="1029" />
        </displaynames>
      </field>
    </EntityRelationship>
    <EntityRelationship Name="Account_AsyncOperations">
      <EntityRelationshipType>OneToMany</EntityRelationshipType>
      <ReferencingEntityName>AsyncOperation</ReferencingEntityName>
      <ReferencedEntityName>Account</ReferencedEntityName>
      <ReferencingAttributeName>RegardingObjectId</ReferencingAttributeName>
      <RelationshipDescription>
        <Descriptions>
          <Description description="Jedinečný identifikátor objektu, ke kterému je tato systémová úloha přidružena" languagecode="1029" />
        </Descriptions>
      </RelationshipDescription>
      <field name="regardingobjectid" requiredlevel="none" imemode="auto" lookupstyle="single" lookupbrowse="0" format="regarding">
        <IsSecured>0</IsSecured>
        <DisplayMask>ValidForAdvancedFind|ValidForForm|ValidForGrid</DisplayMask>
        <IsAuditEnabled>1</IsAuditEnabled>
        <displaynames>
          <displayname description="Týká se" languagecode="1029" />
        </displaynames>
      </field>
    </EntityRelationship>
    <EntityRelationship Name="Account_BulkDeleteFailures">
      <EntityRelationshipType>OneToMany</EntityRelationshipType>
      <ReferencingEntityName>BulkDeleteFailure</ReferencingEntityName>
      <ReferencedEntityName>Account</ReferencedEntityName>
      <ReferencingAttributeName>RegardingObjectId</ReferencingAttributeName>
      <RelationshipDescription>
        <Descriptions>
          <Description description="Jedinečný identifikátor záznamu, který nelze odstranit." languagecode="1029" />
        </Descriptions>
      </RelationshipDescription>
      <field name="regardingobjectid" requiredlevel="none" imemode="auto" lookupstyle="single" lookupbrowse="0" format="regarding">
        <IsSecured>0</IsSecured>
        <DisplayMask>ValidForAdvancedFind|ValidForForm|ValidForGrid</DisplayMask>
        <IsAuditEnabled>1</IsAuditEnabled>
        <displaynames>
          <displayname description="Název" languagecode="1029" />
        </displaynames>
      </field>
    </EntityRelationship>
    <EntityRelationship Name="account_connections1">
      <EntityRelationshipType>OneToMany</EntityRelationshipType>
      <ReferencingEntityName>Connection</ReferencingEntityName>
      <ReferencedEntityName>Account</ReferencedEntityName>
      <ReferencingAttributeName>Record1Id</ReferencingAttributeName>
      <RelationshipDescription>
        <Descriptions>
          <Description description="Jedinečný identifikátor zdrojového záznamu" languagecode="1029" />
        </Descriptions>
      </RelationshipDescription>
      <field name="record1id" requiredlevel="none" imemode="auto" lookupstyle="single" lookupbrowse="0" format="connection">
        <IsSecured>0</IsSecured>
        <DisplayMask>ValidForAdvancedFind|ValidForForm|ValidForGrid|RequiredForForm</DisplayMask>
        <IsAuditEnabled>1</IsAuditEnabled>
        <displaynames>
          <displayname description="Propojeno od" languagecode="1029" />
        </displaynames>
      </field>
    </EntityRelationship>
    <EntityRelationship Name="account_connections2">
      <EntityRelationshipType>OneToMany</EntityRelationshipType>
      <ReferencingEntityName>Connection</ReferencingEntityName>
      <ReferencedEntityName>Account</ReferencedEntityName>
      <ReferencingAttributeName>Record2Id</ReferencingAttributeName>
      <RelationshipDescription>
        <Descriptions>
          <Description description="Jedinečný identifikátor cílového záznamu" languagecode="1029" />
        </Descriptions>
      </RelationshipDescription>
      <field name="record2id" requiredlevel="none" imemode="auto" lookupstyle="single" lookupbrowse="0" format="connection">
        <IsSecured>0</IsSecured>
        <DisplayMask>ValidForAdvancedFind|ValidForForm|ValidForGrid|RequiredForForm</DisplayMask>
        <IsAuditEnabled>1</IsAuditEnabled>
        <displaynames>
          <displayname description="Propojeno do" languagecode="1029" />
        </displaynames>
      </field>
    </EntityRelationship>
    <EntityRelationship Name="Account_DuplicateBaseRecord">
      <EntityRelationshipType>OneToMany</EntityRelationshipType>
      <ReferencingEntityName>DuplicateRecord</ReferencingEntityName>
      <ReferencedEntityName>Account</ReferencedEntityName>
      <ReferencingAttributeName>BaseRecordId</ReferencingAttributeName>
      <RelationshipDescription>
        <Descriptions>
          <Description description="Jedinečný identifikátor základního záznamu" languagecode="1029" />
        </Descriptions>
      </RelationshipDescription>
      <field name="baserecordid" requiredlevel="none" imemode="auto" lookupstyle="single" lookupbrowse="0">
        <IsSecured>0</IsSecured>
        <DisplayMask>ValidForAdvancedFind|ValidForForm|ValidForGrid</DisplayMask>
        <IsAuditEnabled>1</IsAuditEnabled>
        <displaynames>
          <displayname description="ID základního záznamu" languagecode="1029" />
        </displaynames>
      </field>
    </EntityRelationship>
    <EntityRelationship Name="Account_DuplicateMatchingRecord">
      <EntityRelationshipType>OneToMany</EntityRelationshipType>
      <ReferencingEntityName>DuplicateRecord</ReferencingEntityName>
      <ReferencedEntityName>Account</ReferencedEntityName>
      <ReferencingAttributeName>DuplicateRecordId</ReferencingAttributeName>
      <RelationshipDescription>
        <Descriptions>
          <Description description="Jedinečný identifikátor potenciálního duplicitního záznamu" languagecode="1029" />
        </Descriptions>
      </RelationshipDescription>
      <field name="duplicaterecordid" requiredlevel="none" imemode="auto" lookupstyle="single" lookupbrowse="0">
        <IsSecured>0</IsSecured>
        <DisplayMask>ValidForAdvancedFind|ValidForForm|ValidForGrid</DisplayMask>
        <IsAuditEnabled>1</IsAuditEnabled>
        <displaynames>
          <displayname description="ID duplicitního záznamu" languagecode="1029" />
        </displaynames>
      </field>
    </EntityRelationship>
    <EntityRelationship Name="Account_Emails">
      <EntityRelationshipType>OneToMany</EntityRelationshipType>
      <ReferencingEntityName>Email</ReferencingEntityName>
      <ReferencedEntityName>Account</ReferencedEntityName>
      <CascadeAssign>Cascade</CascadeAssign>
      <CascadeDelete>Cascade</CascadeDelete>
      <CascadeReparent>Cascade</CascadeReparent>
      <CascadeShare>Cascade</CascadeShare>
      <CascadeUnshare>Cascade</CascadeUnshare>
      <ReferencingAttributeName>RegardingObjectId</ReferencingAttributeName>
      <RelationshipDescription>
        <Descriptions>
          <Description description="Jedinečný identifikátor objektu, ke kterému je e-mail přidružen" languagecode="1029" />
        </Descriptions>
      </RelationshipDescription>
      <field name="regardingobjectid" requiredlevel="none" imemode="auto" lookupstyle="single" lookupbrowse="0" format="regarding">
        <IsSecured>0</IsSecured>
        <DisplayMask>ValidForAdvancedFind|ValidForForm|ValidForGrid|RequiredForForm</DisplayMask>
        <IsAuditEnabled>1</IsAuditEnabled>
        <displaynames>
          <displayname description="Týká se" languagecode="1029" />
        </displaynames>
      </field>
    </EntityRelationship>
    <EntityRelationship Name="Account_Faxes">
      <EntityRelationshipType>OneToMany</EntityRelationshipType>
      <ReferencingEntityName>Fax</ReferencingEntityName>
      <ReferencedEntityName>Account</ReferencedEntityName>
      <CascadeAssign>Cascade</CascadeAssign>
      <CascadeDelete>Cascade</CascadeDelete>
      <CascadeReparent>Cascade</CascadeReparent>
      <CascadeShare>Cascade</CascadeShare>
      <CascadeUnshare>Cascade</CascadeUnshare>
      <ReferencingAttributeName>RegardingObjectId</ReferencingAttributeName>
      <RelationshipDescription>
        <Descriptions>
          <Description description="Jedinečný identifikátor objektu, ke kterému je aktivita faxu přidružena" languagecode="1029" />
        </Descriptions>
      </RelationshipDescription>
      <field name="regardingobjectid" requiredlevel="none" imemode="auto" lookupstyle="single" lookupbrowse="0" format="regarding">
        <IsSecured>0</IsSecured>
        <DisplayMask>ValidForAdvancedFind|ValidForForm|ValidForGrid</DisplayMask>
        <IsAuditEnabled>1</IsAuditEnabled>
        <displaynames>
          <displayname description="Týká se" languagecode="1029" />
        </displaynames>
      </field>
    </EntityRelationship>
    <EntityRelationship Name="Account_Letters">
      <EntityRelationshipType>OneToMany</EntityRelationshipType>
      <ReferencingEntityName>Letter</ReferencingEntityName>
      <ReferencedEntityName>Account</ReferencedEntityName>
      <CascadeAssign>Cascade</CascadeAssign>
      <CascadeDelete>Cascade</CascadeDelete>
      <CascadeReparent>Cascade</CascadeReparent>
      <CascadeShare>Cascade</CascadeShare>
      <CascadeUnshare>Cascade</CascadeUnshare>
      <ReferencingAttributeName>RegardingObjectId</ReferencingAttributeName>
      <RelationshipDescription>
        <Descriptions>
          <Description description="Jedinečný identifikátor objektu, ke kterému je aktivita dopisu přidružena" languagecode="1029" />
        </Descriptions>
      </RelationshipDescription>
      <field name="regardingobjectid" requiredlevel="none" imemode="auto" lookupstyle="single" lookupbrowse="0" format="regarding">
        <IsSecured>0</IsSecured>
        <DisplayMask>ValidForAdvancedFind|ValidForForm|ValidForGrid</DisplayMask>
        <IsAuditEnabled>1</IsAuditEnabled>
        <displaynames>
          <displayname description="Týká se" languagecode="1029" />
        </displaynames>
      </field>
    </EntityRelationship>
    <EntityRelationship Name="Account_Phonecalls">
      <EntityRelationshipType>OneToMany</EntityRelationshipType>
      <ReferencingEntityName>PhoneCall</ReferencingEntityName>
      <ReferencedEntityName>Account</ReferencedEntityName>
      <CascadeAssign>Cascade</CascadeAssign>
      <CascadeDelete>Cascade</CascadeDelete>
      <CascadeReparent>Cascade</CascadeReparent>
      <CascadeShare>Cascade</CascadeShare>
      <CascadeUnshare>Cascade</CascadeUnshare>
      <ReferencingAttributeName>RegardingObjectId</ReferencingAttributeName>
      <RelationshipDescription>
        <Descriptions>
          <Description description="Jedinečný identifikátor objektu, ke kterému je aktivita telefonního hovoru přidružena" languagecode="1029" />
        </Descriptions>
      </RelationshipDescription>
      <field name="regardingobjectid" requiredlevel="none" imemode="auto" lookupstyle="single" lookupbrowse="0" format="regarding">
        <IsSecured>0</IsSecured>
        <DisplayMask>ValidForAdvancedFind|ValidForForm|ValidForGrid</DisplayMask>
        <IsAuditEnabled>1</IsAuditEnabled>
        <displaynames>
          <displayname description="Týká se" languagecode="1029" />
        </displaynames>
      </field>
    </EntityRelationship>
    <EntityRelationship Name="account_principalobjectattributeaccess">
      <EntityRelationshipType>OneToMany</EntityRelationshipType>
      <ReferencingEntityName>PrincipalObjectAttributeAccess</ReferencingEntityName>
      <ReferencedEntityName>Account</ReferencedEntityName>
      <ReferencingAttributeName>ObjectId</ReferencingAttributeName>
      <RelationshipDescription>
        <Descriptions>
          <Description description="Jedinečný identifikátor instance entity se sdíleným zabezpečeným polem" languagecode="1029" />
        </Descriptions>
      </RelationshipDescription>
      <field name="objectid" requiredlevel="systemrequired" imemode="auto" lookupstyle="single" lookupbrowse="0" format="regarding">
        <IsSecured>0</IsSecured>
        <DisplayMask>ValidForForm|ValidForGrid</DisplayMask>
        <IsAuditEnabled>1</IsAuditEnabled>
        <displaynames>
          <displayname description="Instance entity" languagecode="1029" />
        </displaynames>
      </field>
    </EntityRelationship>
    <EntityRelationship Name="Account_ProcessSessions">
      <EntityRelationshipType>OneToMany</EntityRelationshipType>
      <ReferencingEntityName>ProcessSession</ReferencingEntityName>
      <ReferencedEntityName>Account</ReferencedEntityName>
      <ReferencingAttributeName>RegardingObjectId</ReferencingAttributeName>
      <RelationshipDescription>
        <Descriptions>
          <Description description="Jedinečný identifikátor objektu, ke kterému je relace dialogu přidružena" languagecode="1029" />
        </Descriptions>
      </RelationshipDescription>
      <field name="regardingobjectid" requiredlevel="none" imemode="auto" lookupstyle="single" lookupbrowse="0" format="regarding">
        <IsSecured>0</IsSecured>
        <DisplayMask>ValidForAdvancedFind|ValidForGrid</DisplayMask>
        <IsAuditEnabled>1</IsAuditEnabled>
        <displaynames>
          <displayname description="Týká se" languagecode="1029" />
        </displaynames>
      </field>
    </EntityRelationship>
    <EntityRelationship Name="Account_RecurringAppointmentMasters">
      <EntityRelationshipType>OneToMany</EntityRelationshipType>
      <ReferencingEntityName>RecurringAppointmentMaster</ReferencingEntityName>
      <ReferencedEntityName>Account</ReferencedEntityName>
      <CascadeAssign>Cascade</CascadeAssign>
      <CascadeDelete>Cascade</CascadeDelete>
      <CascadeReparent>Cascade</CascadeReparent>
      <CascadeShare>Cascade</CascadeShare>
      <CascadeUnshare>Cascade</CascadeUnshare>
      <ReferencingAttributeName>RegardingObjectId</ReferencingAttributeName>
      <RelationshipDescription>
        <Descriptions>
          <Description description="Jedinečný identifikátor objektu, ke kterému je řada opakovaných schůzek přidružena" languagecode="1029" />
        </Descriptions>
      </RelationshipDescription>
      <field name="regardingobjectid" requiredlevel="none" imemode="auto" lookupstyle="single" lookupbrowse="0" format="regarding">
        <IsSecured>0</IsSecured>
        <DisplayMask>ValidForAdvancedFind|ValidForForm|ValidForGrid</DisplayMask>
        <IsAuditEnabled>1</IsAuditEnabled>
        <displaynames>
          <displayname description="Týká se" languagecode="1029" />
        </displaynames>
      </field>
    </EntityRelationship>
    <EntityRelationship Name="Account_ServiceAppointments">
      <EntityRelationshipType>OneToMany</EntityRelationshipType>
      <ReferencingEntityName>ServiceAppointment</ReferencingEntityName>
      <ReferencedEntityName>Account</ReferencedEntityName>
      <CascadeAssign>Cascade</CascadeAssign>
      <CascadeDelete>RemoveLink</CascadeDelete>
      <CascadeReparent>Cascade</CascadeReparent>
      <CascadeShare>Cascade</CascadeShare>
      <CascadeUnshare>Cascade</CascadeUnshare>
      <ReferencingAttributeName>RegardingObjectId</ReferencingAttributeName>
      <RelationshipDescription>
        <Descriptions>
          <Description description="Jedinečný identifikátor objektu, ke kterému je aktivita služby přidružena" languagecode="1029" />
        </Descriptions>
      </RelationshipDescription>
      <field name="regardingobjectid" requiredlevel="none" imemode="auto" lookupstyle="single" lookupbrowse="0" format="regarding">
        <IsSecured>0</IsSecured>
        <DisplayMask>ValidForAdvancedFind|ValidForForm|ValidForGrid</DisplayMask>
        <IsAuditEnabled>1</IsAuditEnabled>
        <displaynames>
          <displayname description="Týká se" languagecode="1029" />
        </displaynames>
      </field>
    </EntityRelationship>
    <EntityRelationship Name="Account_Tasks">
      <EntityRelationshipType>OneToMany</EntityRelationshipType>
      <ReferencingEntityName>Task</ReferencingEntityName>
      <ReferencedEntityName>Account</ReferencedEntityName>
      <CascadeAssign>Cascade</CascadeAssign>
      <CascadeDelete>Cascade</CascadeDelete>
      <CascadeReparent>Cascade</CascadeReparent>
      <CascadeShare>Cascade</CascadeShare>
      <CascadeUnshare>Cascade</CascadeUnshare>
      <ReferencingAttributeName>RegardingObjectId</ReferencingAttributeName>
      <RelationshipDescription>
        <Descriptions>
          <Description description="Jedinečný identifikátor objektu, ke kterému je úkol přidružen" languagecode="1029" />
        </Descriptions>
      </RelationshipDescription>
      <field name="regardingobjectid" requiredlevel="none" imemode="auto" lookupstyle="single" lookupbrowse="0" format="regarding">
        <IsSecured>0</IsSecured>
        <DisplayMask>ValidForAdvancedFind|ValidForForm|ValidForGrid</DisplayMask>
        <IsAuditEnabled>1</IsAuditEnabled>
        <displaynames>
          <displayname description="Týká se" languagecode="1029" />
        </displaynames>
      </field>
    </EntityRelationship>
    <EntityRelationship Name="Incident_ActivityPointers">
      <EntityRelationshipType>OneToMany</EntityRelationshipType>
      <ReferencingEntityName>ActivityPointer</ReferencingEntityName>
      <ReferencedEntityName>Incident</ReferencedEntityName>
      <ReferencingAttributeName>RegardingObjectId</ReferencingAttributeName>
      <RelationshipDescription>
        <Descriptions>
          <Description description="Jedinečný identifikátor objektu, ke kterému je aktivita přidružena" languagecode="1029" />
        </Descriptions>
      </RelationshipDescription>
      <field name="regardingobjectid" requiredlevel="none" imemode="auto" lookupstyle="single" lookupbrowse="0" format="regarding">
        <IsSecured>0</IsSecured>
        <DisplayMask>ValidForAdvancedFind|ValidForForm|ValidForGrid</DisplayMask>
        <IsAuditEnabled>1</IsAuditEnabled>
        <displaynames>
          <displayname description="Týká se" languagecode="1029" />
        </displaynames>
      </field>
      <EntityRelationshipRoles>
        <EntityRelationshipRole>
          <NavPaneDisplayOption>UseCollectionName</NavPaneDisplayOption>
          <NavPaneArea>Details</NavPaneArea>
          <NavPaneOrder>10</NavPaneOrder>
        </EntityRelationshipRole>
      </EntityRelationshipRoles>
    </EntityRelationship>
    <EntityRelationship Name="Incident_Annotation">
      <EntityRelationshipType>OneToMany</EntityRelationshipType>
      <ReferencingEntityName>Annotation</ReferencingEntityName>
      <ReferencedEntityName>Incident</ReferencedEntityName>
      <CascadeAssign>Cascade</CascadeAssign>
      <CascadeDelete>Cascade</CascadeDelete>
      <CascadeReparent>Cascade</CascadeReparent>
      <CascadeShare>Cascade</CascadeShare>
      <CascadeUnshare>Cascade</CascadeUnshare>
      <ReferencingAttributeName>ObjectId</ReferencingAttributeName>
      <RelationshipDescription>
        <Descriptions>
          <Description description="Jedinečný identifikátor objektu, ke kterému je poznámka přidružena" languagecode="1029" />
        </Descriptions>
      </RelationshipDescription>
      <field name="objectid" requiredlevel="none" imemode="auto" lookupstyle="single" lookupbrowse="0">
        <IsSecured>0</IsSecured>
        <IsAuditEnabled>1</IsAuditEnabled>
        <displaynames>
          <displayname description="Týká se" languagecode="1029" />
        </displaynames>
      </field>
    </EntityRelationship>
    <EntityRelationship Name="Incident_Appointments">
      <EntityRelationshipType>OneToMany</EntityRelationshipType>
      <ReferencingEntityName>Appointment</ReferencingEntityName>
      <ReferencedEntityName>Incident</ReferencedEntityName>
      <CascadeAssign>Cascade</CascadeAssign>
      <CascadeDelete>Cascade</CascadeDelete>
      <CascadeReparent>Cascade</CascadeReparent>
      <CascadeShare>Cascade</CascadeShare>
      <CascadeUnshare>Cascade</CascadeUnshare>
      <ReferencingAttributeName>RegardingObjectId</ReferencingAttributeName>
      <RelationshipDescription>
        <Descriptions>
          <Description description="Jedinečný identifikátor objektu, ke kterému je schůzka přidružena" languagecode="1029" />
        </Descriptions>
      </RelationshipDescription>
      <field name="regardingobjectid" requiredlevel="none" imemode="auto" lookupstyle="single" lookupbrowse="0" format="regarding">
        <IsSecured>0</IsSecured>
        <DisplayMask>ValidForAdvancedFind|ValidForForm|ValidForGrid</DisplayMask>
        <IsAuditEnabled>1</IsAuditEnabled>
        <displaynames>
          <displayname description="Týká se" languagecode="1029" />
        </displaynames>
      </field>
    </EntityRelationship>
    <EntityRelationship Name="Incident_AsyncOperations">
      <EntityRelationshipType>OneToMany</EntityRelationshipType>
      <ReferencingEntityName>AsyncOperation</ReferencingEntityName>
      <ReferencedEntityName>Incident</ReferencedEntityName>
      <ReferencingAttributeName>RegardingObjectId</ReferencingAttributeName>
      <RelationshipDescription>
        <Descriptions>
          <Description description="Jedinečný identifikátor objektu, ke kterému je tato systémová úloha přidružena" languagecode="1029" />
        </Descriptions>
      </RelationshipDescription>
      <field name="regardingobjectid" requiredlevel="none" imemode="auto" lookupstyle="single" lookupbrowse="0" format="regarding">
        <IsSecured>0</IsSecured>
        <DisplayMask>ValidForAdvancedFind|ValidForForm|ValidForGrid</DisplayMask>
        <IsAuditEnabled>1</IsAuditEnabled>
        <displaynames>
          <displayname description="Týká se" languagecode="1029" />
        </displaynames>
      </field>
    </EntityRelationship>
    <EntityRelationship Name="Incident_BulkDeleteFailures">
      <EntityRelationshipType>OneToMany</EntityRelationshipType>
      <ReferencingEntityName>BulkDeleteFailure</ReferencingEntityName>
      <ReferencedEntityName>Incident</ReferencedEntityName>
      <ReferencingAttributeName>RegardingObjectId</ReferencingAttributeName>
      <RelationshipDescription>
        <Descriptions>
          <Description description="Jedinečný identifikátor záznamu, který nelze odstranit." languagecode="1029" />
        </Descriptions>
      </RelationshipDescription>
      <field name="regardingobjectid" requiredlevel="none" imemode="auto" lookupstyle="single" lookupbrowse="0" format="regarding">
        <IsSecured>0</IsSecured>
        <DisplayMask>ValidForAdvancedFind|ValidForForm|ValidForGrid</DisplayMask>
        <IsAuditEnabled>1</IsAuditEnabled>
        <displaynames>
          <displayname description="Název" languagecode="1029" />
        </displaynames>
      </field>
    </EntityRelationship>
    <EntityRelationship Name="incident_connections1">
      <EntityRelationshipType>OneToMany</EntityRelationshipType>
      <ReferencingEntityName>Connection</ReferencingEntityName>
      <ReferencedEntityName>Incident</ReferencedEntityName>
      <ReferencingAttributeName>Record1Id</ReferencingAttributeName>
      <RelationshipDescription>
        <Descriptions>
          <Description description="Jedinečný identifikátor zdrojového záznamu" languagecode="1029" />
        </Descriptions>
      </RelationshipDescription>
      <field name="record1id" requiredlevel="none" imemode="auto" lookupstyle="single" lookupbrowse="0" format="connection">
        <IsSecured>0</IsSecured>
        <DisplayMask>ValidForAdvancedFind|ValidForForm|ValidForGrid|RequiredForForm</DisplayMask>
        <IsAuditEnabled>1</IsAuditEnabled>
        <displaynames>
          <displayname description="Propojeno od" languagecode="1029" />
        </displaynames>
      </field>
    </EntityRelationship>
    <EntityRelationship Name="incident_connections2">
      <EntityRelationshipType>OneToMany</EntityRelationshipType>
      <ReferencingEntityName>Connection</ReferencingEntityName>
      <ReferencedEntityName>Incident</ReferencedEntityName>
      <ReferencingAttributeName>Record2Id</ReferencingAttributeName>
      <RelationshipDescription>
        <Descriptions>
          <Description description="Jedinečný identifikátor cílového záznamu" languagecode="1029" />
        </Descriptions>
      </RelationshipDescription>
      <field name="record2id" requiredlevel="none" imemode="auto" lookupstyle="single" lookupbrowse="0" format="connection">
        <IsSecured>0</IsSecured>
        <DisplayMask>ValidForAdvancedFind|ValidForForm|ValidForGrid|RequiredForForm</DisplayMask>
        <IsAuditEnabled>1</IsAuditEnabled>
        <displaynames>
          <displayname description="Propojeno do" languagecode="1029" />
        </displaynames>
      </field>
    </EntityRelationship>
    <EntityRelationship Name="Incident_DuplicateBaseRecord">
      <EntityRelationshipType>OneToMany</EntityRelationshipType>
      <ReferencingEntityName>DuplicateRecord</ReferencingEntityName>
      <ReferencedEntityName>Incident</ReferencedEntityName>
      <ReferencingAttributeName>BaseRecordId</ReferencingAttributeName>
      <RelationshipDescription>
        <Descriptions>
          <Description description="Jedinečný identifikátor základního záznamu" languagecode="1029" />
        </Descriptions>
      </RelationshipDescription>
      <field name="baserecordid" requiredlevel="none" imemode="auto" lookupstyle="single" lookupbrowse="0">
        <IsSecured>0</IsSecured>
        <DisplayMask>ValidForAdvancedFind|ValidForForm|ValidForGrid</DisplayMask>
        <IsAuditEnabled>1</IsAuditEnabled>
        <displaynames>
          <displayname description="ID základního záznamu" languagecode="1029" />
        </displaynames>
      </field>
    </EntityRelationship>
    <EntityRelationship Name="Incident_DuplicateMatchingRecord">
      <EntityRelationshipType>OneToMany</EntityRelationshipType>
      <ReferencingEntityName>DuplicateRecord</ReferencingEntityName>
      <ReferencedEntityName>Incident</ReferencedEntityName>
      <ReferencingAttributeName>DuplicateRecordId</ReferencingAttributeName>
      <RelationshipDescription>
        <Descriptions>
          <Description description="Jedinečný identifikátor potenciálního duplicitního záznamu" languagecode="1029" />
        </Descriptions>
      </RelationshipDescription>
      <field name="duplicaterecordid" requiredlevel="none" imemode="auto" lookupstyle="single" lookupbrowse="0">
        <IsSecured>0</IsSecured>
        <DisplayMask>ValidForAdvancedFind|ValidForForm|ValidForGrid</DisplayMask>
        <IsAuditEnabled>1</IsAuditEnabled>
        <displaynames>
          <displayname description="ID duplicitního záznamu" languagecode="1029" />
        </displaynames>
      </field>
    </EntityRelationship>
    <EntityRelationship Name="Incident_Emails">
      <EntityRelationshipType>OneToMany</EntityRelationshipType>
      <ReferencingEntityName>Email</ReferencingEntityName>
      <ReferencedEntityName>Incident</ReferencedEntityName>
      <CascadeAssign>Cascade</CascadeAssign>
      <CascadeDelete>Cascade</CascadeDelete>
      <CascadeReparent>Cascade</CascadeReparent>
      <CascadeShare>Cascade</CascadeShare>
      <CascadeUnshare>Cascade</CascadeUnshare>
      <ReferencingAttributeName>RegardingObjectId</ReferencingAttributeName>
      <RelationshipDescription>
        <Descriptions>
          <Description description="Jedinečný identifikátor objektu, ke kterému je e-mail přidružen" languagecode="1029" />
        </Descriptions>
      </RelationshipDescription>
      <field name="regardingobjectid" requiredlevel="none" imemode="auto" lookupstyle="single" lookupbrowse="0" format="regarding">
        <IsSecured>0</IsSecured>
        <DisplayMask>ValidForAdvancedFind|ValidForForm|ValidForGrid|RequiredForForm</DisplayMask>
        <IsAuditEnabled>1</IsAuditEnabled>
        <displaynames>
          <displayname description="Týká se" languagecode="1029" />
        </displaynames>
      </field>
    </EntityRelationship>
    <EntityRelationship Name="Incident_Faxes">
      <EntityRelationshipType>OneToMany</EntityRelationshipType>
      <ReferencingEntityName>Fax</ReferencingEntityName>
      <ReferencedEntityName>Incident</ReferencedEntityName>
      <CascadeAssign>Cascade</CascadeAssign>
      <CascadeDelete>Cascade</CascadeDelete>
      <CascadeReparent>Cascade</CascadeReparent>
      <CascadeShare>Cascade</CascadeShare>
      <CascadeUnshare>Cascade</CascadeUnshare>
      <ReferencingAttributeName>RegardingObjectId</ReferencingAttributeName>
      <RelationshipDescription>
        <Descriptions>
          <Description description="Jedinečný identifikátor objektu, ke kterému je aktivita faxu přidružena" languagecode="1029" />
        </Descriptions>
      </RelationshipDescription>
      <field name="regardingobjectid" requiredlevel="none" imemode="auto" lookupstyle="single" lookupbrowse="0" format="regarding">
        <IsSecured>0</IsSecured>
        <DisplayMask>ValidForAdvancedFind|ValidForForm|ValidForGrid</DisplayMask>
        <IsAuditEnabled>1</IsAuditEnabled>
        <displaynames>
          <displayname description="Týká se" languagecode="1029" />
        </displaynames>
      </field>
    </EntityRelationship>
    <EntityRelationship Name="Incident_Letters">
      <EntityRelationshipType>OneToMany</EntityRelationshipType>
      <ReferencingEntityName>Letter</ReferencingEntityName>
      <ReferencedEntityName>Incident</ReferencedEntityName>
      <CascadeAssign>Cascade</CascadeAssign>
      <CascadeDelete>Cascade</CascadeDelete>
      <CascadeReparent>Cascade</CascadeReparent>
      <CascadeShare>Cascade</CascadeShare>
      <CascadeUnshare>Cascade</CascadeUnshare>
      <ReferencingAttributeName>RegardingObjectId</ReferencingAttributeName>
      <RelationshipDescription>
        <Descriptions>
          <Description description="Jedinečný identifikátor objektu, ke kterému je aktivita dopisu přidružena" languagecode="1029" />
        </Descriptions>
      </RelationshipDescription>
      <field name="regardingobjectid" requiredlevel="none" imemode="auto" lookupstyle="single" lookupbrowse="0" format="regarding">
        <IsSecured>0</IsSecured>
        <DisplayMask>ValidForAdvancedFind|ValidForForm|ValidForGrid</DisplayMask>
        <IsAuditEnabled>1</IsAuditEnabled>
        <displaynames>
          <displayname description="Týká se" languagecode="1029" />
        </displaynames>
      </field>
    </EntityRelationship>
    <EntityRelationship Name="Incident_Phonecalls">
      <EntityRelationshipType>OneToMany</EntityRelationshipType>
      <ReferencingEntityName>PhoneCall</ReferencingEntityName>
      <ReferencedEntityName>Incident</ReferencedEntityName>
      <CascadeAssign>Cascade</CascadeAssign>
      <CascadeDelete>Cascade</CascadeDelete>
      <CascadeReparent>Cascade</CascadeReparent>
      <CascadeShare>Cascade</CascadeShare>
      <CascadeUnshare>Cascade</CascadeUnshare>
      <ReferencingAttributeName>RegardingObjectId</ReferencingAttributeName>
      <RelationshipDescription>
        <Descriptions>
          <Description description="Jedinečný identifikátor objektu, ke kterému je aktivita telefonního hovoru přidružena" languagecode="1029" />
        </Descriptions>
      </RelationshipDescription>
      <field name="regardingobjectid" requiredlevel="none" imemode="auto" lookupstyle="single" lookupbrowse="0" format="regarding">
        <IsSecured>0</IsSecured>
        <DisplayMask>ValidForAdvancedFind|ValidForForm|ValidForGrid</DisplayMask>
        <IsAuditEnabled>1</IsAuditEnabled>
        <displaynames>
          <displayname description="Týká se" languagecode="1029" />
        </displaynames>
      </field>
    </EntityRelationship>
    <EntityRelationship Name="incident_principalobjectattributeaccess">
      <EntityRelationshipType>OneToMany</EntityRelationshipType>
      <ReferencingEntityName>PrincipalObjectAttributeAccess</ReferencingEntityName>
      <ReferencedEntityName>Incident</ReferencedEntityName>
      <ReferencingAttributeName>ObjectId</ReferencingAttributeName>
      <RelationshipDescription>
        <Descriptions>
          <Description description="Jedinečný identifikátor instance entity se sdíleným zabezpečeným polem" languagecode="1029" />
        </Descriptions>
      </RelationshipDescription>
      <field name="objectid" requiredlevel="systemrequired" imemode="auto" lookupstyle="single" lookupbrowse="0" format="regarding">
        <IsSecured>0</IsSecured>
        <DisplayMask>ValidForForm|ValidForGrid</DisplayMask>
        <IsAuditEnabled>1</IsAuditEnabled>
        <displaynames>
          <displayname description="Instance entity" languagecode="1029" />
        </displaynames>
      </field>
    </EntityRelationship>
    <EntityRelationship Name="Incident_ProcessSessions">
      <EntityRelationshipType>OneToMany</EntityRelationshipType>
      <ReferencingEntityName>ProcessSession</ReferencingEntityName>
      <ReferencedEntityName>Incident</ReferencedEntityName>
      <ReferencingAttributeName>RegardingObjectId</ReferencingAttributeName>
      <RelationshipDescription>
        <Descriptions>
          <Description description="Jedinečný identifikátor objektu, ke kterému je relace dialogu přidružena" languagecode="1029" />
        </Descriptions>
      </RelationshipDescription>
      <field name="regardingobjectid" requiredlevel="none" imemode="auto" lookupstyle="single" lookupbrowse="0" format="regarding">
        <IsSecured>0</IsSecured>
        <DisplayMask>ValidForAdvancedFind|ValidForGrid</DisplayMask>
        <IsAuditEnabled>1</IsAuditEnabled>
        <displaynames>
          <displayname description="Týká se" languagecode="1029" />
        </displaynames>
      </field>
    </EntityRelationship>
    <EntityRelationship Name="Incident_RecurringAppointmentMasters">
      <EntityRelationshipType>OneToMany</EntityRelationshipType>
      <ReferencingEntityName>RecurringAppointmentMaster</ReferencingEntityName>
      <ReferencedEntityName>Incident</ReferencedEntityName>
      <CascadeAssign>Cascade</CascadeAssign>
      <CascadeDelete>Cascade</CascadeDelete>
      <CascadeReparent>Cascade</CascadeReparent>
      <CascadeShare>Cascade</CascadeShare>
      <CascadeUnshare>Cascade</CascadeUnshare>
      <ReferencingAttributeName>RegardingObjectId</ReferencingAttributeName>
      <RelationshipDescription>
        <Descriptions>
          <Description description="Jedinečný identifikátor objektu, ke kterému je řada opakovaných schůzek přidružena" languagecode="1029" />
        </Descriptions>
      </RelationshipDescription>
      <field name="regardingobjectid" requiredlevel="none" imemode="auto" lookupstyle="single" lookupbrowse="0" format="regarding">
        <IsSecured>0</IsSecured>
        <DisplayMask>ValidForAdvancedFind|ValidForForm|ValidForGrid</DisplayMask>
        <IsAuditEnabled>1</IsAuditEnabled>
        <displaynames>
          <displayname description="Týká se" languagecode="1029" />
        </displaynames>
      </field>
    </EntityRelationship>
    <EntityRelationship Name="Incident_ServiceAppointments">
      <EntityRelationshipType>OneToMany</EntityRelationshipType>
      <ReferencingEntityName>ServiceAppointment</ReferencingEntityName>
      <ReferencedEntityName>Incident</ReferencedEntityName>
      <CascadeAssign>Cascade</CascadeAssign>
      <CascadeDelete>RemoveLink</CascadeDelete>
      <CascadeReparent>Cascade</CascadeReparent>
      <CascadeShare>Cascade</CascadeShare>
      <CascadeUnshare>Cascade</CascadeUnshare>
      <ReferencingAttributeName>RegardingObjectId</ReferencingAttributeName>
      <RelationshipDescription>
        <Descriptions>
          <Description description="Jedinečný identifikátor objektu, ke kterému je aktivita služby přidružena" languagecode="1029" />
        </Descriptions>
      </RelationshipDescription>
      <field name="regardingobjectid" requiredlevel="none" imemode="auto" lookupstyle="single" lookupbrowse="0" format="regarding">
        <IsSecured>0</IsSecured>
        <DisplayMask>ValidForAdvancedFind|ValidForForm|ValidForGrid</DisplayMask>
        <IsAuditEnabled>1</IsAuditEnabled>
        <displaynames>
          <displayname description="Týká se" languagecode="1029" />
        </displaynames>
      </field>
    </EntityRelationship>
    <EntityRelationship Name="Incident_Tasks">
      <EntityRelationshipType>OneToMany</EntityRelationshipType>
      <ReferencingEntityName>Task</ReferencingEntityName>
      <ReferencedEntityName>Incident</ReferencedEntityName>
      <CascadeAssign>Cascade</CascadeAssign>
      <CascadeDelete>Cascade</CascadeDelete>
      <CascadeReparent>Cascade</CascadeReparent>
      <CascadeShare>Cascade</CascadeShare>
      <CascadeUnshare>Cascade</CascadeUnshare>
      <ReferencingAttributeName>RegardingObjectId</ReferencingAttributeName>
      <RelationshipDescription>
        <Descriptions>
          <Description description="Jedinečný identifikátor objektu, ke kterému je úkol přidružen" languagecode="1029" />
        </Descriptions>
      </RelationshipDescription>
      <field name="regardingobjectid" requiredlevel="none" imemode="auto" lookupstyle="single" lookupbrowse="0" format="regarding">
        <IsSecured>0</IsSecured>
        <DisplayMask>ValidForAdvancedFind|ValidForForm|ValidForGrid</DisplayMask>
        <IsAuditEnabled>1</IsAuditEnabled>
        <displaynames>
          <displayname description="Týká se" languagecode="1029" />
        </displaynames>
      </field>
    </EntityRelationship>
    <EntityRelationship Name="userentityinstancedata_account">
      <EntityRelationshipType>OneToMany</EntityRelationshipType>
      <ReferencingEntityName>UserEntityInstanceData</ReferencingEntityName>
      <ReferencedEntityName>Account</ReferencedEntityName>
      <ReferencingAttributeName>ObjectId</ReferencingAttributeName>
      <RelationshipDescription>
        <Descriptions>
          <Description description="Jedinečný identifikátor zdrojového záznamu" languagecode="1029" />
        </Descriptions>
      </RelationshipDescription>
      <field name="objectid" requiredlevel="systemrequired" imemode="auto" lookupstyle="single" lookupbrowse="0">
        <IsSecured>0</IsSecured>
        <DisplayMask>ValidForAdvancedFind|ValidForForm|ValidForGrid|RequiredForForm</DisplayMask>
        <IsAuditEnabled>1</IsAuditEnabled>
        <displaynames>
          <displayname description="ID objektu" languagecode="1029" />
        </displaynames>
      </field>
    </EntityRelationship>
    <EntityRelationship Name="userentityinstancedata_incident">
      <EntityRelationshipType>OneToMany</EntityRelationshipType>
      <ReferencingEntityName>UserEntityInstanceData</ReferencingEntityName>
      <ReferencedEntityName>Incident</ReferencedEntityName>
      <ReferencingAttributeName>ObjectId</ReferencingAttributeName>
      <RelationshipDescription>
        <Descriptions>
          <Description description="Jedinečný identifikátor zdrojového záznamu" languagecode="1029" />
        </Descriptions>
      </RelationshipDescription>
      <field name="objectid" requiredlevel="systemrequired" imemode="auto" lookupstyle="single" lookupbrowse="0">
        <IsSecured>0</IsSecured>
        <DisplayMask>ValidForAdvancedFind|ValidForForm|ValidForGrid|RequiredForForm</DisplayMask>
        <IsAuditEnabled>1</IsAuditEnabled>
        <displaynames>
          <displayname description="ID objektu" languagecode="1029" />
        </displaynames>
      </field>
    </EntityRelationship>
  </EntityRelationships>
  <OrganizationSettings />
  <optionsets />
  <Languages>
    <Language>1029</Language>
  </Languages>
</ImportExportXml>