<publishData>
  <publishTarget publishUrl="C:\inetpub\wwwroot\MyWebSite\ImportService\">
    <file relUrl="Web.config" publishTime="11/21/2013 22:52:28" />
    <file relUrl="bin/ImportDataService.pdb" publishTime="11/27/2013 18:01:46" />
    <file relUrl="bin/Log 2013 11 20 18_23_00.txt" publishTime="11/20/2013 18:24:20" />
    <file relUrl="bin/Log 2013 11 21 17_00_38.txt" publishTime="11/21/2013 17:02:08" />
    <file relUrl="bin/Log 2013 11 20 18_34_57.txt" publishTime="11/20/2013 18:35:32" />
    <file relUrl="bin/Log 2013 11 21 16_52_36.txt" publishTime="11/21/2013 16:54:40" />
    <file relUrl="bin/XmlImportVemex.pdb" publishTime="11/27/2013 17:40:52" />
    <file relUrl="bin/XmlImportVemex.dll" publishTime="11/27/2013 17:40:52" />
    <file relUrl="bin/Excel.dll" publishTime="11/21/2013 13:48:36" />
    <file relUrl="bin/ImportDataService.dll.config" publishTime="11/21/2013 22:52:28" />
    <file relUrl="bin/ImportDataService.dll" publishTime="11/27/2013 18:01:46" />
    <file relUrl="bin/Log 2013 11 21 17_04_47.txt" publishTime="11/21/2013 17:05:08" />
    <file relUrl="ImportDataService.DataImport.svc" publishTime="11/27/2013 18:01:56" />
    <file relUrl="bin/microsoft.xrm.sdk.dll" publishTime="09/25/2012 13:55:26" />
    <file relUrl="bin/Log 2013 11 20 18_29_02.txt" publishTime="11/20/2013 18:30:06" />
    <file relUrl="bin/Log 2013 11 21 16_59_21.txt" publishTime="11/21/2013 16:59:22" />
    <file relUrl="bin/Log 2013 11 20 18_32_06.txt" publishTime="11/20/2013 18:32:40" />
    <file relUrl="bin/ICSharpCode.SharpZipLib.dll" publishTime="01/10/2013 13:29:48" />
    <file relUrl="bin/microsoft.crm.sdk.proxy.dll" publishTime="09/25/2012 13:56:22" />
  </publishTarget>
  <publishTarget publishUrl="C:\inetpub\wwwroot\creativemages\ImportService\">
    <file relUrl="Web.config" publishTime="11/21/2013 22:52:28" />
    <file relUrl="bin/ImportDataService.pdb" publishTime="11/26/2013 17:58:55" />
    <file relUrl="bin/Log 2013 11 20 18_23_00.txt" publishTime="11/20/2013 18:24:20" />
    <file relUrl="bin/Microsoft.Xrm.Sdk.dll" publishTime="09/25/2012 13:55:26" />
    <file relUrl="bin/Log 2013 11 20 18_34_57.txt" publishTime="11/20/2013 18:35:32" />
    <file relUrl="bin/Log 2013 11 21 16_52_36.txt" publishTime="11/21/2013 16:54:40" />
    <file relUrl="bin/XmlImportVemex.pdb" publishTime="11/26/2013 17:58:54" />
    <file relUrl="bin/Excel.dll" publishTime="11/21/2013 13:48:36" />
    <file relUrl="bin/Log 2013 11 21 16_59_21.txt" publishTime="11/21/2013 16:59:22" />
    <file relUrl="bin/ImportDataService.dll" publishTime="11/26/2013 17:58:55" />
    <file relUrl="bin/Log 2013 11 21 17_04_47.txt" publishTime="11/21/2013 17:05:08" />
    <file relUrl="ImportDataService.DataImport.svc" publishTime="11/26/2013 17:58:56" />
    <file relUrl="bin/Log 2013 11 20 18_29_02.txt" publishTime="11/20/2013 18:30:06" />
    <file relUrl="bin/XmlImportVemex.dll" publishTime="11/26/2013 17:58:54" />
    <file relUrl="bin/Log 2013 11 21 17_00_38.txt" publishTime="11/21/2013 17:02:08" />
    <file relUrl="bin/ImportDataService.dll.config" publishTime="11/21/2013 22:52:28" />
    <file relUrl="bin/ICSharpCode.SharpZipLib.dll" publishTime="01/10/2013 13:29:48" />
    <file relUrl="bin/microsoft.crm.sdk.proxy.dll" publishTime="09/25/2012 13:56:22" />
    <file relUrl="bin/Log 2013 11 20 18_32_06.txt" publishTime="11/20/2013 18:32:40" />
  </publishTarget>
  <publishTarget publishUrl="C:\inetpub\wwwroot\MyWebSite\VemexService\">
    <file relUrl="Web.config" publishTime="11/21/2013 16:49:19" />
    <file relUrl="bin/ImportDataService.pdb" publishTime="11/21/2013 17:24:26" />
    <file relUrl="bin/Log 2013 11 20 18_23_00.txt" publishTime="11/20/2013 18:24:20" />
    <file relUrl="bin/Microsoft.Xrm.Sdk.dll" publishTime="09/23/2013 18:19:18" />
    <file relUrl="bin/Log 2013 11 20 18_34_57.txt" publishTime="11/20/2013 18:35:32" />
    <file relUrl="bin/Log 2013 11 21 16_52_36.txt" publishTime="11/21/2013 16:54:39" />
    <file relUrl="bin/XmlImportVemex.pdb" publishTime="11/21/2013 17:24:26" />
    <file relUrl="bin/XmlImportVemex.dll" publishTime="11/21/2013 17:24:26" />
    <file relUrl="bin/Excel.dll" publishTime="11/21/2013 13:48:35" />
    <file relUrl="bin/ImportDataService.dll" publishTime="11/21/2013 17:24:26" />
    <file relUrl="bin/Microsoft.Xrm.Sdk.xml" publishTime="09/23/2013 18:19:18" />
    <file relUrl="bin/Log 2013 11 21 17_04_47.txt" publishTime="11/21/2013 17:05:06" />
    <file relUrl="ImportDataService.DataImport.svc" publishTime="11/21/2013 17:40:56" />
    <file relUrl="bin/Log 2013 11 20 18_29_02.txt" publishTime="11/20/2013 18:30:06" />
    <file relUrl="bin/Log 2013 11 21 16_59_21.txt" publishTime="11/21/2013 16:59:21" />
    <file relUrl="bin/Log 2013 11 21 17_00_38.txt" publishTime="11/21/2013 17:02:06" />
    <file relUrl="bin/ImportDataService.dll.config" publishTime="11/21/2013 16:49:19" />
    <file relUrl="bin/ICSharpCode.SharpZipLib.dll" publishTime="01/10/2013 13:29:48" />
    <file relUrl="bin/Log 2013 11 20 18_32_06.txt" publishTime="11/20/2013 18:32:40" />
  </publishTarget>
</publishData>